# Device, ACE0398688
# Generated, 14.04.2026 14:19:39
txstart2: id 0xffffffffffffffff, socket 1, 2026-04-29T12:29:32.047481 2500.0 ABCDEFG123456 3 2 N
mv: socket 1, 2026-04-29T12:29:32.047481 2500.0 N
mv: socket 1, 2026-04-29T12:44:32.047481 2503.0 N
mv: socket 1, 2026-04-29T12:59:32.047481 2506.0 N
mv: socket 1, 2026-04-29T13:14:32.047481 2509.0 N
mv: socket 1, 2026-04-29T13:29:32.047481 2512.0 N
mv: socket 1, 2026-04-29T13:44:32.047481 2515.0 N
mv: socket 1, 2026-04-29T13:59:32.047481 2518.0 N
mv: socket 1, 2026-04-29T14:14:32.047481 2521.0 N
mv: socket 1, 2026-04-29T14:29:32.047481 2524.0 N
mv: socket 1, 2026-04-29T14:44:32.047481 2527.0 N
mv: socket 1, 2026-04-29T14:59:32.047481 2530.0 N
mv: socket 1, 2026-04-29T15:14:32.047481 2533.0 N
mv: socket 1, 2026-04-29T15:29:32.047481 2536.0 N
mv: socket 1, 2026-04-29T15:44:32.047481 2539.0 N
mv: socket 1, 2026-04-29T15:59:32.047481 2542.0 N
mv: socket 1, 2026-04-29T16:14:32.047481 2545.0 N
mv: socket 1, 2026-04-29T16:29:32.047481 2548.0 N
mv: socket 1, 2026-04-29T16:44:32.047481 2551.0 N
mv: socket 1, 2026-04-29T16:59:32.047481 2554.0 N
mv: socket 1, 2026-04-29T17:14:32.047481 2557.0 N
mv: socket 1, 2026-04-29T17:29:32.047481 2560.0 N
mv: socket 1, 2026-04-29T17:29:32.047481 2560.0 N
txstop2: id 0xffffffffffffffff, socket 1, 2026-04-29T17:29:32.047481 2560.0 ABCDEFG123456 3 2 N
txstart2: id 0xffffffffffffffff, socket 1, 2026-04-29T17:29:32.047481 2560.0 ABCDEFG123456 3 2 N
mv: socket 1, 2026-04-29T17:29:32.047481 2560.0 N
mv: socket 1, 2026-04-29T17:44:32.047481 2563.0 N
mv: socket 1, 2026-04-29T17:59:32.047481 2566.0 N
mv: socket 1, 2026-04-29T18:14:32.047481 2569.0 N
mv: socket 1, 2026-04-29T18:29:32.047481 2572.0 N
mv: socket 1, 2026-04-29T18:44:32.047481 2575.0 N
mv: socket 1, 2026-04-29T18:59:32.047481 2578.0 N
mv: socket 1, 2026-04-29T19:14:32.047481 2581.0 N
mv: socket 1, 2026-04-29T19:29:32.047481 2584.0 N
mv: socket 1, 2026-04-29T19:29:32.047481 2584.0 N
txstop2: id 0xffffffffffffffff, socket 1, 2026-04-29T19:29:32.047481 2584.0 ABCDEFG123456 3 2 N
txstart2: id 0xffffffffffffffff, socket 1, 2026-04-29T19:29:32.047481 2584.0 ABCDEFG123456 3 2 N
mv: socket 1, 2026-04-29T19:29:32.047481 2584.0 N
mv: socket 1, 2026-04-29T19:44:32.047481 2587.0 N
mv: socket 1, 2026-04-29T19:59:32.047481 2590.0 N
mv: socket 1, 2026-04-29T20:14:32.047481 2593.0 N
mv: socket 1, 2026-04-29T20:29:32.047481 2596.0 N
mv: socket 1, 2026-04-29T20:44:32.047481 2599.0 N
mv: socket 1, 2026-04-29T20:59:32.047481 2602.0 N
mv: socket 1, 2026-04-29T21:14:32.047481 2605.0 N
mv: socket 1, 2026-04-29T21:29:32.047481 2608.0 N
mv: socket 1, 2026-04-29T21:44:32.047481 2611.0 N
mv: socket 1, 2026-04-29T21:59:32.047481 2614.0 N
mv: socket 1, 2026-04-29T22:14:32.047481 2617.0 N
mv: socket 1, 2026-04-29T22:29:32.047481 2620.0 N
mv: socket 1, 2026-04-29T22:44:32.047481 2623.0 N
mv: socket 1, 2026-04-29T22:59:32.047481 2626.0 N
mv: socket 1, 2026-04-29T23:14:32.047481 2629.0 N
mv: socket 1, 2026-04-29T23:29:32.047481 2632.0 N
mv: socket 1, 2026-04-29T23:29:32.047481 2632.0 N
txstop2: id 0xffffffffffffffff, socket 1, 2026-04-29T23:29:32.047481 2632.0 ABCDEFG123456 3 2 N
txstart2: id 0xffffffffffffffff, socket 1, 2026-04-29T23:29:32.047481 2632.0 ABCDEFG123456 3 2 N
mv: socket 1, 2026-04-29T23:29:32.047481 2632.0 N
mv: socket 1, 2026-04-29T23:44:32.047481 2635.0 N
mv: socket 1, 2026-04-29T23:59:32.047481 2638.0 N
mv: socket 1, 2026-04-30T00:14:32.047481 2641.0 N
mv: socket 1, 2026-04-30T00:29:32.047481 2644.0 N
mv: socket 1, 2026-04-30T00:44:32.047481 2647.0 N
mv: socket 1, 2026-04-30T00:59:32.047481 2650.0 N
mv: socket 1, 2026-04-30T01:14:32.047481 2653.0 N
mv: socket 1, 2026-04-30T01:29:32.047481 2656.0 N
mv: socket 1, 2026-04-30T01:44:32.047481 2659.0 N
mv: socket 1, 2026-04-30T01:59:32.047481 2662.0 N
mv: socket 1, 2026-04-30T02:14:32.047481 2665.0 N
mv: socket 1, 2026-04-30T02:29:32.047481 2668.0 N
mv: socket 1, 2026-04-30T02:44:32.047481 2671.0 N
mv: socket 1, 2026-04-30T02:59:32.047481 2674.0 N
mv: socket 1, 2026-04-30T03:14:32.047481 2677.0 N
mv: socket 1, 2026-04-30T03:29:32.047481 2680.0 N
mv: socket 1, 2026-04-30T03:29:32.047481 2680.0 N
txstop2: id 0xffffffffffffffff, socket 1, 2026-04-30T03:29:32.047481 2680.0 ABCDEFG123456 3 2 N
txstart2: id 0xffffffffffffffff, socket 1, 2026-04-30T03:29:32.047481 2680.0 ABCDEFG123456 3 2 N
mv: socket 1, 2026-04-30T03:29:32.047481 2680.0 N
mv: socket 1, 2026-04-30T03:44:32.047481 2683.0 N
mv: socket 1, 2026-04-30T03:59:32.047481 2686.0 N
mv: socket 1, 2026-04-30T04:14:32.047481 2689.0 N
mv: socket 1, 2026-04-30T04:29:32.047481 2692.0 N
mv: socket 1, 2026-04-30T04:44:32.047481 2695.0 N
mv: socket 1, 2026-04-30T04:59:32.047481 2698.0 N
mv: socket 1, 2026-04-30T05:14:32.047481 2701.0 N
mv: socket 1, 2026-04-30T05:29:32.047481 2704.0 N
mv: socket 1, 2026-04-30T05:44:32.047481 2707.0 N
mv: socket 1, 2026-04-30T05:59:32.047481 2710.0 N
mv: socket 1, 2026-04-30T06:14:32.047481 2713.0 N
mv: socket 1, 2026-04-30T06:29:32.047481 2716.0 N
mv: socket 1, 2026-04-30T06:29:32.047481 2716.0 N
txstop2: id 0xffffffffffffffff, socket 1, 2026-04-30T06:29:32.047481 2716.0 ABCDEFG123456 3 2 N
txstart2: id 0xffffffffffffffff, socket 1, 2026-04-30T06:29:32.047481 2716.0 ABCDEFG123456 3 2 N
mv: socket 1, 2026-04-30T06:29:32.047481 2716.0 N
mv: socket 1, 2026-04-30T06:44:32.047481 2719.0 N
mv: socket 1, 2026-04-30T06:59:32.047481 2722.0 N
mv: socket 1, 2026-04-30T07:14:32.047481 2725.0 N
mv: socket 1, 2026-04-30T07:29:32.047481 2728.0 N
mv: socket 1, 2026-04-30T07:44:32.047481 2731.0 N
mv: socket 1, 2026-04-30T07:59:32.047481 2734.0 N
mv: socket 1, 2026-04-30T08:14:32.047481 2737.0 N
mv: socket 1, 2026-04-30T08:29:32.047481 2740.0 N
mv: socket 1, 2026-04-30T08:29:32.047481 2740.0 N
txstop2: id 0xffffffffffffffff, socket 1, 2026-04-30T08:29:32.047481 2740.0 ABCDEFG123456 3 2 N
txstart2: id 0xffffffffffffffff, socket 1, 2026-04-30T08:29:32.047481 2740.0 ABCDEFG123456 3 2 N
mv: socket 1, 2026-04-30T08:29:32.047481 2740.0 N
mv: socket 1, 2026-04-30T08:44:32.047481 2743.0 N
mv: socket 1, 2026-04-30T08:59:32.047481 2746.0 N
mv: socket 1, 2026-04-30T09:14:32.047481 2749.0 N
mv: socket 1, 2026-04-30T09:29:32.047481 2752.0 N
mv: socket 1, 2026-04-30T09:29:32.047481 2752.0 N
txstop2: id 0xffffffffffffffff, socket 1, 2026-04-30T09:29:32.047481 2752.0 ABCDEFG123456 3 2 N
txstart2: id 0xffffffffffffffff, socket 1, 2026-04-30T09:29:32.047481 2752.0 ABCDEFG123456 3 2 N
mv: socket 1, 2026-04-30T09:29:32.047481 2752.0 N
mv: socket 1, 2026-04-30T09:44:32.047481 2755.0 N
mv: socket 1, 2026-04-30T09:59:32.047481 2758.0 N
mv: socket 1, 2026-04-30T10:14:32.047481 2761.0 N
mv: socket 1, 2026-04-30T10:29:32.047481 2764.0 N
mv: socket 1, 2026-04-30T10:44:32.047481 2767.0 N
mv: socket 1, 2026-04-30T10:59:32.047481 2770.0 N
mv: socket 1, 2026-04-30T11:14:32.047481 2773.0 N
mv: socket 1, 2026-04-30T11:29:32.047481 2776.0 N
mv: socket 1, 2026-04-30T11:44:32.047481 2779.0 N
mv: socket 1, 2026-04-30T11:59:32.047481 2782.0 N
mv: socket 1, 2026-04-30T12:14:32.047481 2785.0 N
mv: socket 1, 2026-04-30T12:29:32.047481 2788.0 N
mv: socket 1, 2026-04-30T12:44:32.047481 2791.0 N
mv: socket 1, 2026-04-30T12:59:32.047481 2794.0 N
mv: socket 1, 2026-04-30T13:14:32.047481 2797.0 N
mv: socket 1, 2026-04-30T13:29:32.047481 2800.0 N
mv: socket 1, 2026-04-30T13:44:32.047481 2803.0 N
mv: socket 1, 2026-04-30T13:59:32.047481 2806.0 N
mv: socket 1, 2026-04-30T14:14:32.047481 2809.0 N
mv: socket 1, 2026-04-30T14:29:32.047481 2812.0 N
mv: socket 1, 2026-04-30T14:29:32.047481 2812.0 N
txstop2: id 0xffffffffffffffff, socket 1, 2026-04-30T14:29:32.047481 2812.0 ABCDEFG123456 3 2 N
txstart2: id 0xffffffffffffffff, socket 1, 2026-04-30T14:29:32.047481 2812.0 ABCDEFG123456 3 2 N
mv: socket 1, 2026-04-30T14:29:32.047481 2812.0 N
mv: socket 1, 2026-04-30T14:44:32.047481 2815.0 N
mv: socket 1, 2026-04-30T14:59:32.047481 2818.0 N
mv: socket 1, 2026-04-30T15:14:32.047481 2821.0 N
mv: socket 1, 2026-04-30T15:29:32.047481 2824.0 N
mv: socket 1, 2026-04-30T15:44:32.047481 2827.0 N
mv: socket 1, 2026-04-30T15:59:32.047481 2830.0 N
mv: socket 1, 2026-04-30T16:14:32.047481 2833.0 N
mv: socket 1, 2026-04-30T16:29:32.047481 2836.0 N
mv: socket 1, 2026-04-30T16:44:32.047481 2839.0 N
mv: socket 1, 2026-04-30T16:59:32.047481 2842.0 N
mv: socket 1, 2026-04-30T17:14:32.047481 2845.0 N
mv: socket 1, 2026-04-30T17:29:32.047481 2848.0 N
mv: socket 1, 2026-04-30T17:29:32.047481 2848.0 N
txstop2: id 0xffffffffffffffff, socket 1, 2026-04-30T17:29:32.047481 2848.0 ABCDEFG123456 3 2 N
txstart2: id 0xffffffffffffffff, socket 1, 2026-04-30T17:29:32.047481 2848.0 ABCDEFG123456 3 2 N
mv: socket 1, 2026-04-30T17:29:32.047481 2848.0 N
mv: socket 1, 2026-04-30T17:44:32.047481 2851.0 N
mv: socket 1, 2026-04-30T17:59:32.047481 2854.0 N
mv: socket 1, 2026-04-30T18:14:32.047481 2857.0 N
mv: socket 1, 2026-04-30T18:29:32.047481 2860.0 N
mv: socket 1, 2026-04-30T18:44:32.047481 2863.0 N
mv: socket 1, 2026-04-30T18:59:32.047481 2866.0 N
mv: socket 1, 2026-04-30T19:14:32.047481 2869.0 N
mv: socket 1, 2026-04-30T19:29:32.047481 2872.0 N
mv: socket 1, 2026-04-30T19:44:32.047481 2875.0 N
mv: socket 1, 2026-04-30T19:59:32.047481 2878.0 N
mv: socket 1, 2026-04-30T20:14:32.047481 2881.0 N
mv: socket 1, 2026-04-30T20:29:32.047481 2884.0 N
mv: socket 1, 2026-04-30T20:29:32.047481 2884.0 N
txstop2: id 0xffffffffffffffff, socket 1, 2026-04-30T20:29:32.047481 2884.0 ABCDEFG123456 3 2 N
txstart2: id 0xffffffffffffffff, socket 1, 2026-04-30T20:29:32.047481 2884.0 ABCDEFG123456 3 2 N
mv: socket 1, 2026-04-30T20:29:32.047481 2884.0 N
mv: socket 1, 2026-04-30T20:44:32.047481 2887.0 N
mv: socket 1, 2026-04-30T20:59:32.047481 2890.0 N
mv: socket 1, 2026-04-30T21:14:32.047481 2893.0 N
mv: socket 1, 2026-04-30T21:29:32.047481 2896.0 N
mv: socket 1, 2026-04-30T21:44:32.047481 2899.0 N
mv: socket 1, 2026-04-30T21:59:32.047481 2902.0 N
mv: socket 1, 2026-04-30T22:14:32.047481 2905.0 N
mv: socket 1, 2026-04-30T22:29:32.047481 2908.0 N
mv: socket 1, 2026-04-30T22:44:32.047481 2911.0 N
mv: socket 1, 2026-04-30T22:59:32.047481 2914.0 N
mv: socket 1, 2026-04-30T23:14:32.047481 2917.0 N
mv: socket 1, 2026-04-30T23:29:32.047481 2920.0 N
mv: socket 1, 2026-04-30T23:29:32.047481 2920.0 N
txstop2: id 0xffffffffffffffff, socket 1, 2026-04-30T23:29:32.047481 2920.0 ABCDEFG123456 3 2 N
txstart2: id 0xffffffffffffffff, socket 1, 2026-04-30T23:29:32.047481 2920.0 ABCDEFG123456 3 2 N
mv: socket 1, 2026-04-30T23:29:32.047481 2920.0 N
mv: socket 1, 2026-04-30T23:44:32.047481 2923.0 N
mv: socket 1, 2026-04-30T23:59:32.047481 2926.0 N
mv: socket 1, 2026-05-01T00:14:32.047481 2929.0 N
mv: socket 1, 2026-05-01T00:29:32.047481 2932.0 N
mv: socket 1, 2026-05-01T00:44:32.047481 2935.0 N
mv: socket 1, 2026-05-01T00:59:32.047481 2938.0 N
mv: socket 1, 2026-05-01T01:14:32.047481 2941.0 N
mv: socket 1, 2026-05-01T01:29:32.047481 2944.0 N
mv: socket 1, 2026-05-01T01:44:32.047481 2947.0 N
mv: socket 1, 2026-05-01T01:59:32.047481 2950.0 N
mv: socket 1, 2026-05-01T02:14:32.047481 2953.0 N
mv: socket 1, 2026-05-01T02:29:32.047481 2956.0 N
mv: socket 1, 2026-05-01T02:44:32.047481 2959.0 N
mv: socket 1, 2026-05-01T02:59:32.047481 2962.0 N
mv: socket 1, 2026-05-01T03:14:32.047481 2965.0 N
mv: socket 1, 2026-05-01T03:29:32.047481 2968.0 N
mv: socket 1, 2026-05-01T03:44:32.047481 2971.0 N
mv: socket 1, 2026-05-01T03:59:32.047481 2974.0 N
mv: socket 1, 2026-05-01T04:14:32.047481 2977.0 N
mv: socket 1, 2026-05-01T04:29:32.047481 2980.0 N
mv: socket 1, 2026-05-01T04:29:32.047481 2980.0 N
txstop2: id 0xffffffffffffffff, socket 1, 2026-05-01T04:29:32.047481 2980.0 ABCDEFG123456 3 2 N
txstart2: id 0xffffffffffffffff, socket 1, 2026-05-01T04:29:32.047481 2980.0 ABCDEFG123456 3 2 N
mv: socket 1, 2026-05-01T04:29:32.047481 2980.0 N
mv: socket 1, 2026-05-01T04:44:32.047481 2983.0 N
mv: socket 1, 2026-05-01T04:59:32.047481 2986.0 N
mv: socket 1, 2026-05-01T05:14:32.047481 2989.0 N
mv: socket 1, 2026-05-01T05:29:32.047481 2992.0 N
mv: socket 1, 2026-05-01T05:44:32.047481 2995.0 N
mv: socket 1, 2026-05-01T05:59:32.047481 2998.0 N
mv: socket 1, 2026-05-01T06:14:32.047481 3001.0 N
mv: socket 1, 2026-05-01T06:29:32.047481 3004.0 N
mv: socket 1, 2026-05-01T06:44:32.047481 3007.0 N
mv: socket 1, 2026-05-01T06:59:32.047481 3010.0 N
mv: socket 1, 2026-05-01T07:14:32.047481 3013.0 N
mv: socket 1, 2026-05-01T07:29:32.047481 3016.0 N
mv: socket 1, 2026-05-01T07:44:32.047481 3019.0 N
mv: socket 1, 2026-05-01T07:59:32.047481 3022.0 N
mv: socket 1, 2026-05-01T08:14:32.047481 3025.0 N
mv: socket 1, 2026-05-01T08:29:32.047481 3028.0 N
mv: socket 1, 2026-05-01T08:44:32.047481 3031.0 N
mv: socket 1, 2026-05-01T08:59:32.047481 3034.0 N
mv: socket 1, 2026-05-01T09:14:32.047481 3037.0 N
mv: socket 1, 2026-05-01T09:29:32.047481 3040.0 N
mv: socket 1, 2026-05-01T09:29:32.047481 3040.0 N
txstop2: id 0xffffffffffffffff, socket 1, 2026-05-01T09:29:32.047481 3040.0 ABCDEFG123456 3 2 N
txstart2: id 0xffffffffffffffff, socket 1, 2026-05-01T09:29:32.047481 3040.0 ABCDEFG123456 3 2 N
mv: socket 1, 2026-05-01T09:29:32.047481 3040.0 N
mv: socket 1, 2026-05-01T09:44:32.047481 3043.0 N
mv: socket 1, 2026-05-01T09:59:32.047481 3046.0 N
mv: socket 1, 2026-05-01T10:14:32.047481 3049.0 N
mv: socket 1, 2026-05-01T10:29:32.047481 3052.0 N
mv: socket 1, 2026-05-01T10:29:32.047481 3052.0 N
txstop2: id 0xffffffffffffffff, socket 1, 2026-05-01T10:29:32.047481 3052.0 ABCDEFG123456 3 2 N
txstart2: id 0xffffffffffffffff, socket 1, 2026-05-01T10:29:32.047481 3052.0 ABCDEFG123456 3 2 N
mv: socket 1, 2026-05-01T10:29:32.047481 3052.0 N
mv: socket 1, 2026-05-01T10:44:32.047481 3055.0 N
mv: socket 1, 2026-05-01T10:59:32.047481 3058.0 N
mv: socket 1, 2026-05-01T11:14:32.047481 3061.0 N
mv: socket 1, 2026-05-01T11:29:32.047481 3064.0 N
mv: socket 1, 2026-05-01T11:44:32.047481 3067.0 N
mv: socket 1, 2026-05-01T11:59:32.047481 3070.0 N
mv: socket 1, 2026-05-01T12:14:32.047481 3073.0 N
mv: socket 1, 2026-05-01T12:29:32.047481 3076.0 N
mv: socket 1, 2026-05-01T12:44:32.047481 3079.0 N
mv: socket 1, 2026-05-01T12:59:32.047481 3082.0 N
mv: socket 1, 2026-05-01T13:14:32.047481 3085.0 N
mv: socket 1, 2026-05-01T13:29:32.047481 3088.0 N
mv: socket 1, 2026-05-01T13:44:32.047481 3091.0 N
mv: socket 1, 2026-05-01T13:59:32.047481 3094.0 N
mv: socket 1, 2026-05-01T14:14:32.047481 3097.0 N
mv: socket 1, 2026-05-01T14:29:32.047481 3100.0 N
mv: socket 1, 2026-05-01T14:29:32.047481 3100.0 N
txstop2: id 0xffffffffffffffff, socket 1, 2026-05-01T14:29:32.047481 3100.0 ABCDEFG123456 3 2 N
txstart2: id 0xffffffffffffffff, socket 1, 2026-05-01T14:29:32.047481 3100.0 ABCDEFG123456 3 2 N
mv: socket 1, 2026-05-01T14:29:32.047481 3100.0 N
mv: socket 1, 2026-05-01T14:44:32.047481 3103.0 N
mv: socket 1, 2026-05-01T14:59:32.047481 3106.0 N
mv: socket 1, 2026-05-01T15:14:32.047481 3109.0 N
mv: socket 1, 2026-05-01T15:29:32.047481 3112.0 N
mv: socket 1, 2026-05-01T15:44:32.047481 3115.0 N
mv: socket 1, 2026-05-01T15:59:32.047481 3118.0 N
mv: socket 1, 2026-05-01T16:14:32.047481 3121.0 N
mv: socket 1, 2026-05-01T16:29:32.047481 3124.0 N
mv: socket 1, 2026-05-01T16:44:32.047481 3127.0 N
mv: socket 1, 2026-05-01T16:59:32.047481 3130.0 N
mv: socket 1, 2026-05-01T17:14:32.047481 3133.0 N
mv: socket 1, 2026-05-01T17:29:32.047481 3136.0 N
mv: socket 1, 2026-05-01T17:29:32.047481 3136.0 N
txstop2: id 0xffffffffffffffff, socket 1, 2026-05-01T17:29:32.047481 3136.0 ABCDEFG123456 3 2 N
txstart2: id 0xffffffffffffffff, socket 1, 2026-05-01T17:29:32.047481 3136.0 ABCDEFG123456 3 2 N
mv: socket 1, 2026-05-01T17:29:32.047481 3136.0 N
mv: socket 1, 2026-05-01T17:44:32.047481 3139.0 N
mv: socket 1, 2026-05-01T17:59:32.047481 3142.0 N
mv: socket 1, 2026-05-01T18:14:32.047481 3145.0 N
mv: socket 1, 2026-05-01T18:29:32.047481 3148.0 N
mv: socket 1, 2026-05-01T18:44:32.047481 3151.0 N
mv: socket 1, 2026-05-01T18:59:32.047481 3154.0 N
mv: socket 1, 2026-05-01T19:14:32.047481 3157.0 N
mv: socket 1, 2026-05-01T19:29:32.047481 3160.0 N
mv: socket 1, 2026-05-01T19:29:32.047481 3160.0 N
txstop2: id 0xffffffffffffffff, socket 1, 2026-05-01T19:29:32.047481 3160.0 ABCDEFG123456 3 2 N
txstart2: id 0xffffffffffffffff, socket 1, 2026-05-01T19:29:32.047481 3160.0 ABCDEFG123456 3 2 N
mv: socket 1, 2026-05-01T19:29:32.047481 3160.0 N
mv: socket 1, 2026-05-01T19:44:32.047481 3163.0 N
mv: socket 1, 2026-05-01T19:59:32.047481 3166.0 N
mv: socket 1, 2026-05-01T20:14:32.047481 3169.0 N
mv: socket 1, 2026-05-01T20:29:32.047481 3172.0 N
mv: socket 1, 2026-05-01T20:44:32.047481 3175.0 N
mv: socket 1, 2026-05-01T20:59:32.047481 3178.0 N
mv: socket 1, 2026-05-01T21:14:32.047481 3181.0 N
mv: socket 1, 2026-05-01T21:29:32.047481 3184.0 N
mv: socket 1, 2026-05-01T21:29:32.047481 3184.0 N
txstop2: id 0xffffffffffffffff, socket 1, 2026-05-01T21:29:32.047481 3184.0 ABCDEFG123456 3 2 N
txstart2: id 0xffffffffffffffff, socket 1, 2026-05-01T21:29:32.047481 3184.0 ABCDEFG123456 3 2 N
mv: socket 1, 2026-05-01T21:29:32.047481 3184.0 N
mv: socket 1, 2026-05-01T21:44:32.047481 3187.0 N
mv: socket 1, 2026-05-01T21:59:32.047481 3190.0 N
mv: socket 1, 2026-05-01T22:14:32.047481 3193.0 N
mv: socket 1, 2026-05-01T22:29:32.047481 3196.0 N
mv: socket 1, 2026-05-01T22:44:32.047481 3199.0 N
mv: socket 1, 2026-05-01T22:59:32.047481 3202.0 N
mv: socket 1, 2026-05-01T23:14:32.047481 3205.0 N
mv: socket 1, 2026-05-01T23:29:32.047481 3208.0 N
mv: socket 1, 2026-05-01T23:44:32.047481 3211.0 N
mv: socket 1, 2026-05-01T23:59:32.047481 3214.0 N
mv: socket 1, 2026-05-02T00:14:32.047481 3217.0 N
mv: socket 1, 2026-05-02T00:29:32.047481 3220.0 N
mv: socket 1, 2026-05-02T00:29:32.047481 3220.0 N
txstop2: id 0xffffffffffffffff, socket 1, 2026-05-02T00:29:32.047481 3220.0 ABCDEFG123456 3 2 N
txstart2: id 0xffffffffffffffff, socket 1, 2026-05-02T00:29:32.047481 3220.0 ABCDEFG123456 3 2 N
mv: socket 1, 2026-05-02T00:29:32.047481 3220.0 N
mv: socket 1, 2026-05-02T00:44:32.047481 3223.0 N
mv: socket 1, 2026-05-02T00:59:32.047481 3226.0 N
mv: socket 1, 2026-05-02T01:14:32.047481 3229.0 N
mv: socket 1, 2026-05-02T01:29:32.047481 3232.0 N
mv: socket 1, 2026-05-02T01:44:32.047481 3235.0 N
mv: socket 1, 2026-05-02T01:59:32.047481 3238.0 N
mv: socket 1, 2026-05-02T02:14:32.047481 3241.0 N
mv: socket 1, 2026-05-02T02:29:32.047481 3244.0 N
mv: socket 1, 2026-05-02T02:29:32.047481 3244.0 N
txstop2: id 0xffffffffffffffff, socket 1, 2026-05-02T02:29:32.047481 3244.0 ABCDEFG123456 3 2 N
txstart2: id 0xffffffffffffffff, socket 1, 2026-05-02T02:29:32.047481 3244.0 ABCDEFG123456 3 2 N
mv: socket 1, 2026-05-02T02:29:32.047481 3244.0 N
mv: socket 1, 2026-05-02T02:44:32.047481 3247.0 N
mv: socket 1, 2026-05-02T02:59:32.047481 3250.0 N
mv: socket 1, 2026-05-02T03:14:32.047481 3253.0 N
mv: socket 1, 2026-05-02T03:29:32.047481 3256.0 N
mv: socket 1, 2026-05-02T03:44:32.047481 3259.0 N
mv: socket 1, 2026-05-02T03:59:32.047481 3262.0 N
mv: socket 1, 2026-05-02T04:14:32.047481 3265.0 N
mv: socket 1, 2026-05-02T04:29:32.047481 3268.0 N
mv: socket 1, 2026-05-02T04:44:32.047481 3271.0 N
mv: socket 1, 2026-05-02T04:59:32.047481 3274.0 N
mv: socket 1, 2026-05-02T05:14:32.047481 3277.0 N
mv: socket 1, 2026-05-02T05:29:32.047481 3280.0 N
mv: socket 1, 2026-05-02T05:29:32.047481 3280.0 N
txstop2: id 0xffffffffffffffff, socket 1, 2026-05-02T05:29:32.047481 3280.0 ABCDEFG123456 3 2 N
txstart2: id 0xffffffffffffffff, socket 1, 2026-05-02T05:29:32.047481 3280.0 ABCDEFG123456 3 2 N
mv: socket 1, 2026-05-02T05:29:32.047481 3280.0 N
mv: socket 1, 2026-05-02T05:44:32.047481 3283.0 N
mv: socket 1, 2026-05-02T05:59:32.047481 3286.0 N
mv: socket 1, 2026-05-02T06:14:32.047481 3289.0 N
mv: socket 1, 2026-05-02T06:29:32.047481 3292.0 N
mv: socket 1, 2026-05-02T06:44:32.047481 3295.0 N
mv: socket 1, 2026-05-02T06:59:32.047481 3298.0 N
mv: socket 1, 2026-05-02T07:14:32.047481 3301.0 N
mv: socket 1, 2026-05-02T07:29:32.047481 3304.0 N
mv: socket 1, 2026-05-02T07:44:32.047481 3307.0 N
mv: socket 1, 2026-05-02T07:59:32.047481 3310.0 N
mv: socket 1, 2026-05-02T08:14:32.047481 3313.0 N
mv: socket 1, 2026-05-02T08:29:32.047481 3316.0 N
mv: socket 1, 2026-05-02T08:44:32.047481 3319.0 N
mv: socket 1, 2026-05-02T08:59:32.047481 3322.0 N
mv: socket 1, 2026-05-02T09:14:32.047481 3325.0 N
mv: socket 1, 2026-05-02T09:29:32.047481 3328.0 N
mv: socket 1, 2026-05-02T09:29:32.047481 3328.0 N
txstop2: id 0xffffffffffffffff, socket 1, 2026-05-02T09:29:32.047481 3328.0 ABCDEFG123456 3 2 N
txstart2: id 0xffffffffffffffff, socket 1, 2026-05-02T09:29:32.047481 3328.0 ABCDEFG123456 3 2 N
mv: socket 1, 2026-05-02T09:29:32.047481 3328.0 N
mv: socket 1, 2026-05-02T09:44:32.047481 3331.0 N
mv: socket 1, 2026-05-02T09:59:32.047481 3334.0 N
mv: socket 1, 2026-05-02T10:14:32.047481 3337.0 N
mv: socket 1, 2026-05-02T10:29:32.047481 3340.0 N
mv: socket 1, 2026-05-02T10:44:32.047481 3343.0 N
mv: socket 1, 2026-05-02T10:59:32.047481 3346.0 N
mv: socket 1, 2026-05-02T11:14:32.047481 3349.0 N
mv: socket 1, 2026-05-02T11:29:32.047481 3352.0 N
mv: socket 1, 2026-05-02T11:44:32.047481 3355.0 N
mv: socket 1, 2026-05-02T11:59:32.047481 3358.0 N
mv: socket 1, 2026-05-02T12:14:32.047481 3361.0 N
mv: socket 1, 2026-05-02T12:29:32.047481 3364.0 N
mv: socket 1, 2026-05-02T12:29:32.047481 3364.0 N
txstop2: id 0xffffffffffffffff, socket 1, 2026-05-02T12:29:32.047481 3364.0 ABCDEFG123456 3 2 N